{"textures":{"1":"mcc:island_cosmetics/general/hat/toadstool/toadstool"},"elements":[{"from":[3.0,14.0,3.0],"to":[13.0,18.0,13.0],"rotation":{"angle":0.0,"axis":"y","origin":[0.0,0.0,-2.0]},"faces":{"north":{"uv":[0.0,2.33333,3.33333,3.66667],"texture":"#1","tintindex":0},"east":{"uv":[3.33333,2.33333,0.0,3.66667],"texture":"#1","tintindex":0},"south":{"uv":[0.0,2.33333,3.33333,3.66667],"texture":"#1","tintindex":0},"west":{"uv":[3.33333,2.33333,0.0,3.66667],"texture":"#1","tintindex":0},"up":{"uv":[6.0,0.0,9.33333,3.33333],"texture":"#1","tintindex":0},"down":{"uv":[0.0,0.0,0.0,0.0],"texture":"#1","tintindex":0}}},{"from":[-1.0,8.0,-1.0],"to":[17.0,14.0,17.0],"rotation":{"angle":0.0,"axis":"y","origin":[0.0,0.0,-2.0]},"faces":{"north":{"uv":[0.0,0.0,6.0,2.0],"texture":"#1","tintindex":0},"east":{"uv":[9.33333,0.0,15.33333,2.0],"texture":"#1","tintindex":0},"south":{"uv":[0.0,0.0,6.0,2.0],"texture":"#1","tintindex":0},"west":{"uv":[9.33333,0.0,15.33333,2.0],"texture":"#1","tintindex":0},"up":{"uv":[0.0,3.66667,6.0,9.66667],"texture":"#1","tintindex":0}}},{"from":[-1.0,7.0,-1.0],"to":[17.0,14.0,17.0],"rotation":{"angle":0.0,"axis":"y","origin":[0.0,0.0,-2.0]},"faces":{"north":{"uv":[0.0,10.0,6.0,12.33333],"texture":"#1"},"east":{"uv":[0.0,12.33333,6.0,14.66667],"texture":"#1"},"south":{"uv":[0.0,10.0,6.0,12.33333],"texture":"#1"},"west":{"uv":[0.0,12.33333,6.0,14.66667],"texture":"#1"},"up":{"uv":[6.0,9.33333,12.0,15.33333],"texture":"#1"},"down":{"uv":[9.33333,2.0,15.33333,8.0],"texture":"#1"}}},{"from":[3.0,14.0,3.0],"to":[13.0,18.0,13.0],"rotation":{"angle":0.0,"axis":"y","origin":[0.0,0.0,-2.0]},"faces":{"north":{"uv":[6.0,8.0,9.33333,9.33333],"texture":"#1"},"east":{"uv":[9.33333,8.0,6.0,9.33333],"texture":"#1"},"south":{"uv":[6.0,8.0,9.33333,9.33333],"texture":"#1"},"west":{"uv":[9.33333,8.0,6.0,9.33333],"texture":"#1"},"up":{"uv":[6.0,3.66667,9.33333,7.0],"texture":"#1"},"down":{"uv":[4.0,2.66667,4.33333,3.0],"texture":"#1"}}}],"display":{"thirdperson_righthand":{"translation":[0.0,1.0,0.75],"rotation":[55.5,34.0,0.0],"scale":[0.52539,0.52539,0.52539]},"thirdperson_lefthand":{"translation":[0.0,1.0,0.75],"rotation":[55.5,34.0,0.0],"scale":[0.52539,0.52539,0.52539]},"firstperson_righthand":{"translation":[9.5,0.0,-5.75],"rotation":[21.0,114.5,-13.75],"scale":[0.41992,0.41992,0.41992]},"firstperson_lefthand":{"translation":[9.5,0.0,-5.75],"rotation":[21.0,114.5,-13.75],"scale":[0.41992,0.41992,0.41992]},"gui":{"translation":[0.0,-1.25,0.0],"rotation":[-149.61,-31.92,-180.0],"scale":[0.61327,0.61327,0.61327]},"head":{"translation":[0.0,3.75,0.0],"rotation":[6.75,0.0,0.0],"scale":[1.6,1.6,1.6]}},"credit":"Made with Blockbench","gui_light":"front"}