{"textures":{"0":"mcc:island_cosmetics/npc/mega_chicken","particle":"mcc:island_cosmetics/npc/mega_chicken"},"elements":[{"from":[19.02826,4.08061,-1.5],"to":[21.02826,16.58061,15.0],"rotation":{"angle":22.5,"axis":"z","origin":[20.02826,8.70561,6.625]},"faces":{"north":{"uv":[8.75,3.6875,8.5,5.25],"texture":"#0"},"east":{"uv":[6.6875,2.125,8.75,3.6875],"texture":"#0"},"south":{"uv":[8.25,3.6875,8.5,5.25],"texture":"#0"},"west":{"uv":[8.75,2.125,6.6875,3.6875],"texture":"#0"},"up":{"uv":[7.75,3.6875,8.0,5.75],"texture":"#0"},"down":{"uv":[8.0,3.6875,8.25,5.75],"texture":"#0"}}},{"from":[20.02826,-0.91939,-5.0],"to":[20.02826,15.08061,18.0],"rotation":{"angle":22.5,"axis":"z","origin":[20.02826,8.70561,6.625]},"faces":{"east":{"uv":[8.875,0.0,11.75,2.0],"texture":"#0"},"west":{"uv":[11.75,0.0,8.875,2.0],"texture":"#0"}}}],"display":{"thirdperson_righthand":{"translation":[6.25,-18.5,-10.5],"rotation":[68.76,8.0,-0.19],"scale":[2.18555,2.18555,2.18555]},"thirdperson_lefthand":{"translation":[-14.25,-14.75,-10.5],"rotation":[-111.23,8.75,179.8],"scale":[2.18555,2.18555,2.18555]},"firstperson_righthand":{"translation":[9.5,0.0,-5.75],"rotation":[3.0,112.0,-13.0],"scale":[0.35547,0.35547,0.35547]},"firstperson_lefthand":{"translation":[9.5,0.0,-5.75],"rotation":[3.0,112.0,-13.0],"scale":[0.35547,0.35547,0.35547]},"ground":{"translation":[0.0,4.25,0.0],"scale":[0.28906,0.28906,0.28906]},"gui":{"translation":[-0.25,-0.25,0.0],"rotation":[30.0,-158.0,0.0],"scale":[0.56992,0.56992,0.56992]},"head":{"translation":[0.0,17.75,14.5],"scale":[3.2,3.2,3.2]},"fixed":{"translation":[0.0,-3.25,-7.5]}},"credit":"Made with Blockbench","gui_light":"front"}