{"textures":{"1":"mcc:island_cosmetics/general/accessory/adventurers_staff/adventurers_staff"},"elements":[{"from":[7.0,-7.0,7.0],"to":[9.0,31.0,9.0],"rotation":{"angle":0.0,"axis":"y","origin":[8.0,-0.5,8.0]},"faces":{"north":{"uv":[0.0,0.0,0.66667,12.66667],"texture":"#1"},"east":{"uv":[0.66667,0.0,0.0,12.66667],"texture":"#1"},"south":{"uv":[0.0,0.0,0.66667,12.66667],"texture":"#1"},"west":{"uv":[0.66667,0.0,0.0,12.66667],"texture":"#1"},"up":{"uv":[3.0,0.0,2.33333,0.66667],"texture":"#1"},"down":{"uv":[3.0,0.0,2.33333,0.66667],"texture":"#1"}}},{"from":[6.9,-7.1,6.9],"to":[9.1,31.1,9.1],"rotation":{"angle":0.0,"axis":"y","origin":[8.0,-0.5,8.0]},"faces":{"north":{"uv":[1.33333,0.0,0.66667,12.66667],"texture":"#1"},"east":{"uv":[0.66667,0.0,1.33333,12.66667],"texture":"#1"},"south":{"uv":[1.33333,0.0,0.66667,12.66667],"texture":"#1"},"west":{"uv":[0.66667,0.0,1.33333,12.66667],"texture":"#1"}}},{"from":[9.1,31.1,9.1],"to":[6.9,-7.1,6.9],"rotation":{"angle":0.0,"axis":"y","origin":[8.0,-0.5,8.0]},"faces":{"north":{"uv":[1.33333,12.66667,0.66667,0.0],"texture":"#1"},"east":{"uv":[0.66667,12.66667,1.33333,0.0],"texture":"#1"},"south":{"uv":[1.33333,12.66667,0.66667,0.0],"texture":"#1"},"west":{"uv":[0.66667,12.66667,1.33333,0.0],"texture":"#1"}}}],"display":{"thirdperson_righthand":{"translation":[1.25,0.0,0.25],"rotation":[67.39,62.7,-2.54],"scale":[0.99063,0.99063,0.99063]},"thirdperson_lefthand":{"translation":[1.25,0.0,0.25],"rotation":[67.39,62.7,-2.54],"scale":[0.99063,0.99063,0.99063]},"firstperson_righthand":{"translation":[13.5,-1.0,-7.25],"rotation":[174.14,68.55,172.1],"scale":[0.77539,0.77539,0.77539]},"firstperson_lefthand":{"translation":[13.5,-1.0,-7.25],"rotation":[174.14,68.55,172.1],"scale":[0.77539,0.77539,0.77539]},"ground":{"translation":[0.0,4.25,0.0],"scale":[0.43945,0.43945,0.43945]},"gui":{"translation":[-1.75,-1.75,0.0],"rotation":[-156.08,-6.57,-137.01],"scale":[0.51329,0.51329,0.51329]},"head":{"translation":[0.0,4.25,0.0],"rotation":[0.0,3.25,0.0],"scale":[1.6,1.6,1.6]}},"credit":"Made with Blockbench","gui_light":"front"}