{"textures":{"1":"mcc:island_cosmetics/general/hat/computer_head/computer_head_anim","2":"mcc:island_cosmetics/general/hat/computer_head/computer_head"},"elements":[{"from":[1.0,-1.0,0.5],"to":[15.0,12.0,6.5],"rotation":{"angle":0.0,"axis":"x","origin":[5.0,9.5,7.5]},"faces":{"north":{"uv":[0.66667,6.0,5.33333,10.33333],"texture":"#2"},"east":{"uv":[5.33333,6.0,7.33333,10.33333],"texture":"#2"},"south":{"uv":[0.0,1.66667,4.66667,6.0],"texture":"#2"},"west":{"uv":[7.33333,6.0,5.33333,10.33333],"texture":"#2"},"up":{"uv":[4.66667,4.0,9.33333,6.0],"texture":"#2"},"down":{"uv":[4.66667,0.0,9.33333,2.0],"texture":"#2"}}},{"from":[2.0,1.0,0.75],"to":[14.0,11.0,0.75],"rotation":{"angle":0.0,"axis":"x","origin":[6.0,9.5,7.5]},"faces":{"north":{"uv":[2.0,3.0,14.0,13.0],"texture":"#1","tintindex":0},"south":{"uv":[2.0,3.0,14.0,13.0],"texture":"#1","tintindex":0}}},{"from":[2.0,0.0,6.5],"to":[14.0,11.0,12.5],"rotation":{"angle":0.0,"axis":"x","origin":[6.0,9.5,7.5]},"faces":{"east":{"uv":[7.33333,6.66667,9.33333,10.33333],"texture":"#2"},"south":{"uv":[13.33333,6.66667,9.33333,10.33333],"texture":"#2"},"west":{"uv":[9.33333,6.66667,7.33333,10.33333],"texture":"#2"},"up":{"uv":[9.33333,4.66667,13.33333,6.66667],"texture":"#2"},"down":{"uv":[8.66667,2.0,4.66667,4.0],"texture":"#2"}}},{"from":[14.0,11.0,1.5],"to":[2.0,1.0,0.5],"rotation":{"angle":0.0,"axis":"x","origin":[-6.0,9.5,7.5]},"faces":{"north":{"uv":[9.33333,4.66667,13.33333,1.33333],"texture":"#2"},"east":{"uv":[9.33333,4.66667,9.66667,1.33333],"texture":"#2"},"south":{"uv":[0.0,0.0,0.0,0.0],"texture":"#2"},"west":{"uv":[9.33333,4.66667,9.66667,1.33333],"texture":"#2"},"up":{"uv":[13.33333,4.33333,9.33333,4.66667],"texture":"#2"},"down":{"uv":[13.33333,1.33333,9.33333,1.66667],"texture":"#2"}}}],"display":{"thirdperson_righthand":{"translation":[0.0,1.0,0.75],"rotation":[55.5,34.0,0.0],"scale":[0.52539,0.52539,0.52539]},"thirdperson_lefthand":{"translation":[0.0,1.0,0.75],"rotation":[55.5,34.0,0.0],"scale":[0.52539,0.52539,0.52539]},"firstperson_righthand":{"translation":[9.5,0.0,-5.75],"rotation":[21.0,114.5,-13.75],"scale":[0.41992,0.41992,0.41992]},"firstperson_lefthand":{"translation":[9.5,0.0,-5.75],"rotation":[21.0,114.5,-13.75],"scale":[0.41992,0.41992,0.41992]},"gui":{"translation":[-1.0,2.5,0.0],"rotation":[-149.61,-31.92,-180.0],"scale":[0.76562,0.76562,0.76562]},"head":{"translation":[0.0,6.25,2.0],"scale":[1.62539,1.62539,1.62539]}},"credit":"Made with Blockbench","gui_light":"front"}