{"textures":{"0":"mcc:island_cosmetics/general/hat/gummi/drip","3":"mcc:island_cosmetics/general/accessory/gummi_paw/gummi_paw","particle":"mcc:island_cosmetics/general/hat/gummi/drip"},"elements":[{"from":[4.5,2.46037,5.96037],"to":[11.5,9.46037,10.96037],"rotation":{"angle":0.0,"axis":"y","origin":[8.75,14.25,7.71037]},"faces":{"north":{"uv":[2.33333,2.33333,0.0,0.0],"texture":"#3","tintindex":0,"rotation":270},"east":{"uv":[1.33333,5.33333,0.0,7.66667],"texture":"#3","tintindex":0,"rotation":180},"south":{"uv":[2.33333,5.0,0.0,2.66667],"texture":"#3","tintindex":0,"rotation":90},"west":{"uv":[1.33333,7.66667,0.0,5.33333],"texture":"#3","tintindex":0},"up":{"uv":[1.33333,5.33333,2.66667,7.66667],"texture":"#3","tintindex":0,"rotation":270},"down":{"uv":[3.66667,5.33333,5.0,7.66667],"texture":"#3","tintindex":0,"rotation":270}}},{"from":[4.5,9.46037,5.96037],"to":[11.5,16.46037,10.96037],"rotation":{"angle":0.0,"axis":"y","origin":[8.75,14.25,7.71037]},"faces":{"north":{"uv":[16.0,16.0,12.5,12.5],"texture":"#0","tintindex":0},"east":{"uv":[16.0,12.5,13.5,9.0],"texture":"#0","tintindex":0},"south":{"uv":[16.0,16.0,12.5,12.5],"texture":"#0","tintindex":0},"west":{"uv":[16.0,12.5,13.5,9.0],"texture":"#0","tintindex":0}}},{"from":[7.59029,0.48125,5.86037],"to":[10.79029,3.68125,9.06037],"rotation":{"angle":-22.5,"axis":"z","origin":[8.75,14.25,7.71037]},"faces":{"north":{"uv":[3.33333,1.0,2.33333,0.0],"texture":"#3","tintindex":0,"rotation":270},"east":{"uv":[5.33333,0.0,4.33333,1.0],"texture":"#3","tintindex":0,"rotation":180},"south":{"uv":[2.33333,3.66667,3.33333,2.66667],"texture":"#3","tintindex":0,"rotation":90},"west":{"uv":[4.33333,1.0,3.33333,0.0],"texture":"#3","tintindex":0},"up":{"uv":[2.66667,5.33333,3.66667,6.33333],"texture":"#3","tintindex":0},"down":{"uv":[3.33333,2.0,4.33333,1.0],"texture":"#3","tintindex":0,"rotation":270}}},{"from":[5.32389,1.05528,5.86037],"to":[8.52389,4.25528,9.06037],"rotation":{"angle":22.5,"axis":"z","origin":[8.75,14.25,7.71037]},"faces":{"north":{"uv":[3.33333,0.0,2.33333,1.0],"texture":"#3","tintindex":0,"rotation":270},"east":{"uv":[4.33333,0.0,3.33333,1.0],"texture":"#3","tintindex":0,"rotation":180},"south":{"uv":[2.33333,2.66667,3.33333,3.66667],"texture":"#3","tintindex":0,"rotation":90},"west":{"uv":[5.33333,1.0,4.33333,0.0],"texture":"#3","tintindex":0},"up":{"uv":[3.66667,5.33333,2.66667,6.33333],"texture":"#3","tintindex":0},"down":{"uv":[3.33333,1.0,4.33333,2.0],"texture":"#3","tintindex":0,"rotation":270}}},{"from":[6.34239,-0.1,5.86037],"to":[9.54239,3.1,9.06037],"rotation":{"angle":0.0,"axis":"y","origin":[8.75,14.25,7.71037]},"faces":{"north":{"uv":[3.33333,2.0,2.33333,1.0],"texture":"#3","tintindex":0,"rotation":270},"east":{"uv":[4.33333,3.66667,3.33333,4.66667],"texture":"#3","tintindex":0,"rotation":180},"south":{"uv":[2.33333,4.66667,3.33333,3.66667],"texture":"#3","tintindex":0,"rotation":90},"west":{"uv":[4.33333,4.66667,3.33333,3.66667],"texture":"#3","tintindex":0},"up":{"uv":[4.33333,2.66667,5.33333,3.66667],"texture":"#3","tintindex":0,"rotation":270},"down":{"uv":[3.33333,2.66667,4.33333,3.66667],"texture":"#3","tintindex":0,"rotation":270}}},{"from":[11.5,16.46037,10.96037],"to":[4.5,9.46037,5.96037],"rotation":{"angle":0.0,"axis":"y","origin":[8.75,14.25,7.71037]},"faces":{"north":{"uv":[16.0,12.5,12.5,16.0],"texture":"#0","tintindex":0},"east":{"uv":[16.0,9.0,13.5,12.5],"texture":"#0","tintindex":0},"south":{"uv":[16.0,12.5,12.5,16.0],"texture":"#0","tintindex":0},"west":{"uv":[16.0,9.0,13.5,12.5],"texture":"#0","tintindex":0}}}],"display":{"thirdperson_righthand":{"translation":[-0.25,-2.0,3.5],"rotation":[0.0,86.28,89.0],"scale":[1.01563,1.01563,1.01563]},"thirdperson_lefthand":{"translation":[-0.25,-2.0,3.5],"rotation":[0.0,86.28,89.0],"scale":[1.01563,1.01563,1.01563]},"firstperson_righthand":{"translation":[11.75,-1.5,-8.25],"rotation":[-125.45,76.31,-91.65],"scale":[0.82812,0.82812,0.82812]},"firstperson_lefthand":{"translation":[11.75,-1.5,-8.25],"rotation":[-125.45,76.31,-91.65],"scale":[0.82812,0.82812,0.82812]},"ground":{"translation":[0.0,4.25,0.0],"scale":[0.43945,0.43945,0.43945]},"gui":{"translation":[0.5,0.5,0.0],"rotation":[-156.28,-7.27,-138.62],"scale":[0.86095,0.86095,0.86095]},"head":{"rotation":[0.0,90.0,0.0],"scale":[1.6,1.6,1.6]}},"credit":"Made with Blockbench","gui_light":"front"}