{"textures":{"0":"mcc:island_cosmetics/faction/hat/beanie/head_faction_features","particle":"mcc:island_cosmetics/faction/hat/beanie/head_faction_features"},"elements":[{"from":[3.3,6.8,3.3],"to":[12.7,9.2,12.7],"rotation":{"angle":0.0,"axis":"x","origin":[8.18333,7.5,8.0]},"faces":{"north":{"uv":[13.75,3.25,14.875,3.5],"texture":"#0"},"east":{"uv":[13.75,2.875,14.875,3.125],"texture":"#0"},"south":{"uv":[13.75,2.875,14.875,3.125],"texture":"#0"},"west":{"uv":[13.75,2.875,14.875,3.125],"texture":"#0"}}},{"from":[3.5,8.0,3.5],"to":[12.5,13.0,12.5],"rotation":{"angle":0.0,"axis":"x","origin":[8.0,10.5,8.0]},"faces":{"north":{"uv":[11.375,1.625,12.5,2.25],"texture":"#0"},"east":{"uv":[11.375,2.25,12.5,2.875],"texture":"#0"},"south":{"uv":[11.375,2.25,12.5,2.875],"texture":"#0"},"west":{"uv":[11.375,2.25,12.5,2.875],"texture":"#0"},"up":{"uv":[12.625,2.5,13.75,3.625],"texture":"#0"},"down":{"uv":[14.875,2.5,16.0,3.625],"texture":"#0"}}},{"from":[4.0,13.0,8.0],"to":[12.0,18.0,8.0],"rotation":{"angle":0.0,"axis":"x","origin":[7.5,10.5,8.0]},"faces":{"north":{"uv":[15.0,1.75,16.0,2.375],"texture":"#0"},"south":{"uv":[15.0,1.75,16.0,2.375],"texture":"#0"}}},{"from":[12.7,9.2,12.7],"to":[3.3,6.8,3.3],"rotation":{"angle":0.0,"axis":"x","origin":[8.18333,7.5,8.0]},"faces":{"north":{"uv":[13.75,3.125,14.875,2.875],"texture":"#0"},"east":{"uv":[13.75,3.125,14.875,2.875],"texture":"#0"},"south":{"uv":[13.75,3.5,14.875,3.25],"texture":"#0"},"west":{"uv":[13.75,3.125,14.875,2.875],"texture":"#0"}}}],"display":{"thirdperson_righthand":{"translation":[0.0,1.0,0.75],"rotation":[55.5,34.0,0.0],"scale":[0.52539,0.52539,0.52539]},"thirdperson_lefthand":{"translation":[0.0,1.0,0.75],"rotation":[55.5,34.0,0.0],"scale":[0.52539,0.52539,0.52539]},"firstperson_righthand":{"translation":[9.5,0.0,-5.75],"rotation":[21.0,114.5,-13.75],"scale":[0.41992,0.41992,0.41992]},"firstperson_lefthand":{"translation":[9.5,0.0,-5.75],"rotation":[21.0,114.5,-13.75],"scale":[0.41992,0.41992,0.41992]},"gui":{"translation":[0.0,-3.25,0.0],"rotation":[-168.09,-34.89,169.2],"scale":[0.97851,0.97851,0.97851]},"head":{"translation":[0.0,2.75,0.25],"rotation":[5.73,-0.31,-3.25],"scale":[1.76017,1.76017,1.76017]}},"credit":"Made with Blockbench","gui_light":"front"}