{"textures":{"0":"mcc:island_cosmetics/general/hat/crusader/crusader","particle":"mcc:island_cosmetics/general/hat/crusader/crusader"},"elements":[{"from":[3.0,1.0,3.0],"to":[13.0,13.0,13.0],"rotation":{"angle":0.0,"axis":"y","origin":[0.0,0.0,-1.0]},"faces":{"north":{"uv":[0.0,0.33333,3.33333,4.33333],"texture":"#0"},"east":{"uv":[3.33333,0.33333,6.66666,4.33333],"texture":"#0"},"south":{"uv":[10.0,0.33333,6.66667,4.33333],"texture":"#0"},"west":{"uv":[6.66666,0.33333,3.33333,4.33333],"texture":"#0"},"up":{"uv":[0.0,4.33333,3.33333,7.66667],"texture":"#0"},"down":{"uv":[6.66667,4.33333,10.0,7.66667],"texture":"#0"}}},{"from":[2.7,0.7,2.7],"to":[13.3,13.3,13.3],"rotation":{"angle":0.0,"axis":"y","origin":[0.0,0.0,-1.0]},"faces":{"north":{"uv":[3.33334,8.0,6.66667,12.33333],"texture":"#0"},"east":{"uv":[12.66667,0.0,16.0,4.33333],"texture":"#0"},"south":{"uv":[12.66667,8.66667,16.0,13.0],"texture":"#0"},"west":{"uv":[16.0,0.0,12.66667,4.33333],"texture":"#0"},"up":{"uv":[0.0,7.66667,3.33333,11.0],"texture":"#0"},"down":{"uv":[6.66667,4.33333,10.0,7.66667],"texture":"#0"}}}],"display":{"thirdperson_righthand":{"translation":[0.0,1.0,0.75],"rotation":[55.5,34.0,0.0],"scale":[0.52539,0.52539,0.52539]},"thirdperson_lefthand":{"translation":[0.0,1.0,0.75],"rotation":[55.5,34.0,0.0],"scale":[0.52539,0.52539,0.52539]},"firstperson_righthand":{"translation":[9.5,0.0,-5.75],"rotation":[21.0,114.5,-13.75],"scale":[0.41992,0.41992,0.41992]},"firstperson_lefthand":{"translation":[9.5,0.0,-5.75],"rotation":[21.0,114.5,-13.75],"scale":[0.41992,0.41992,0.41992]},"gui":{"translation":[0.0,0.75,0.0],"rotation":[-149.61,-31.92,-180.0],"scale":[0.8164,0.8164,0.8164]},"head":{"translation":[0.0,2.25,0.0],"scale":[1.6,1.6,1.6]}},"credit":"Made with Blockbench","gui_light":"front"}