{"textures":{"1":"mcc:island_cosmetics/general/accessory/road_sign/road_sign","2":"mcc:island_cosmetics/general/accessory/road_sign/variant","particle":"mcc:island_cosmetics/general/accessory/road_sign/variant"},"elements":[{"from":[7.0,-15.0,7.0],"to":[9.0,28.0,9.0],"rotation":{"angle":0.0,"axis":"y","origin":[9.0,17.0,6.875]},"faces":{"north":{"uv":[0.0,6.66667,14.33333,6.0],"texture":"#1","rotation":90},"east":{"uv":[0.0,6.0,14.33333,6.66667],"texture":"#1","rotation":90},"south":{"uv":[0.0,6.66667,14.33333,6.0],"texture":"#1","rotation":90},"west":{"uv":[0.0,6.0,14.33333,6.66667],"texture":"#1","rotation":90},"up":{"uv":[12.66667,6.66667,13.33333,6.0],"texture":"#1","rotation":90},"down":{"uv":[0.0,6.0,0.66667,5.33333],"texture":"#1","rotation":90}}},{"from":[6.8,20.8,6.8],"to":[9.2,23.2,9.2],"rotation":{"angle":0.0,"axis":"y","origin":[9.0,17.0,6.875]},"faces":{"north":{"uv":[0.66667,6.0,1.33333,5.33333],"texture":"#1","rotation":90},"east":{"uv":[0.66667,6.0,1.33333,5.33333],"texture":"#1","rotation":90},"south":{"uv":[0.66667,6.0,1.33333,5.33333],"texture":"#1","rotation":90},"west":{"uv":[0.66667,6.0,1.33333,5.33333],"texture":"#1","rotation":90}}},{"from":[6.8,13.8,6.8],"to":[9.2,16.2,9.2],"rotation":{"angle":0.0,"axis":"y","origin":[9.0,17.0,6.875]},"faces":{"north":{"uv":[0.66667,6.0,1.33333,5.33333],"texture":"#1","rotation":90},"east":{"uv":[0.66667,6.0,1.33333,5.33333],"texture":"#1","rotation":90},"south":{"uv":[0.66667,6.0,1.33333,5.33333],"texture":"#1","rotation":90},"west":{"uv":[0.66667,6.0,1.33333,5.33333],"texture":"#1","rotation":90}}},{"from":[0.5,11.0,6.75],"to":[15.5,26.0,6.75],"rotation":{"angle":0.0,"axis":"y","origin":[8.5,17.0,6.875]},"faces":{"north":{"uv":[0.0,8.25,3.75,12.0],"texture":"#2"},"south":{"uv":[0.0,12.25,3.75,16.0],"texture":"#2"}}}],"display":{"thirdperson_righthand":{"translation":[3.5,5.5,10.25],"rotation":[70.07,42.98,-22.14],"scale":[0.83438,0.83438,0.83438]},"thirdperson_lefthand":{"translation":[3.5,5.5,10.25],"rotation":[70.07,42.98,-22.14],"scale":[0.83438,0.83438,0.83438]},"firstperson_righthand":{"translation":[11.5,2.75,-7.25],"rotation":[-175.49,74.71,156.18],"scale":[0.54687,0.54687,0.54687]},"firstperson_lefthand":{"translation":[11.5,2.75,-7.25],"rotation":[-175.49,74.71,156.18],"scale":[0.54687,0.54687,0.54687]},"ground":{"translation":[0.0,4.25,0.0],"scale":[0.43945,0.43945,0.43945]},"gui":{"translation":[0.0,0.5,0.0],"rotation":[-162.6,-11.52,-136.04],"scale":[0.45079,0.45079,0.45079]},"head":{"translation":[0.0,4.25,0.0],"rotation":[0.0,3.25,0.0],"scale":[1.6,1.6,1.6]}},"credit":"Made with Blockbench","gui_light":"front"}